标题,图片,价格,状态,详情,分类,代码分类,展示
绿松石异形包镶戒指,https://a1.ax1x.com/2026/05/27/YcLp.jpg,￥680,已售罄,1970s绿松石随形包镶，925银，内壁925打标,戒指,Jewellery,展示
Kosta Boda 狮子玻璃摆件,https://a1.ax1x.com/2026/05/27/Yovc.jpg,￥300,已售罄,Animal Zoo 系列，Bertil Vallien，瑞典， 1970s,其他/家居摆件,Objects,展示
中古木质鸡蛋摆件,https://a1.ax1x.com/2026/05/27/YSuZ.jpg,￥480,已售罄,中古摆件,其他/家居摆件,Objects,展示
1970s天使玻璃烛台,https://a1.ax1x.com/2026/05/30/WkqG.jpg,￥680,已售罄,,其他/家居摆件,Objects,展示
墨西哥银雕塑感银手镯,https://a1.ax1x.com/2026/05/27/Y7K9.jpg,"￥2,880",已售罄,5.5cm*5.2cm，内壁925打标，墨西哥，1970s,手镯/手链,Jewellery,展示
玻璃酒壶+皮套,https://a1.ax1x.com/2026/05/30/W8is.jpg,"￥1,280",已售罄,,其他/家居摆件,Objects,展示
苏联USSR民俗套娃,https://a1.ax1x.com/2026/05/30/WWSi.jpg,￥600,已售罄,,玩具/烂东西,Objects,展示
中古维京戒指,https://a1.ax1x.com/2026/05/27/Y46G.jpg,￥480,在售,1980s维京题材戒指，925银，内壁925打标,戒指,Jewellery,展示
银手环,https://a1.ax1x.com/2026/05/27/Y7K9.jpg,￥600,在售,5.5cm*5.2cm，内壁925打标，墨西哥，1970s,手镯/手链,Jewellery,展示
贝母勺,https://a1.ax1x.com/2026/05/26/6yFZ.jpg,￥320,在售,,玩具/烂东西,Objects,展示
耳钉,https://a1.ax1x.com/2026/05/27/Yy6m.jpg,￥300,在售,,耳钉/耳环,Jewellery,展示
风景玛瑙胸针,https://a1.ax1x.com/2026/05/27/YNAR.jpg,￥450,在售,,胸针,Jewellery,展示
鲍鱼贝小胸针,https://a1.ax1x.com/2026/05/27/YNAR.jpg,￥320,在售,,胸针,Jewellery,展示
20260502—ty货—好看的胸针,https://a1.ax1x.com/2026/05/27/YNAR.jpg,,在售,,胸针,Jewellery,展示
20260503—ty货— 木头蜜蜡,https://a1.ax1x.com/2026/05/27/YcLp.jpg,,在售,,戒指,Jewellery,展示
20260504—ty货— 大圈戒指,https://a1.ax1x.com/2026/05/27/YcLp.jpg,,在售,,戒指,Jewellery,展示
20260506—ty货— 酷耳钉,https://a1.ax1x.com/2026/05/27/Yy6m.jpg,,在售,,耳钉/耳环,Jewellery,展示
20260507—ty货—不知道啥戒指,https://a1.ax1x.com/2026/05/27/YcLp.jpg,,在售,,戒指,Jewellery,展示
20260508—ty货-超级夯货,https://a1.ax1x.com/2026/05/27/YcLp.jpg,,在售,,戒指,Jewellery,展示
26050701-SP 迷你三角锅炉铸铁锅,https://a1.ax1x.com/2026/05/26/6yFZ.jpg,￥320,在售,,玩具/烂东西,Objects,展示
26050702-SP 迷你桌子,https://a1.ax1x.com/2026/05/26/6yFZ.jpg,￥180,在售,,玩具/烂东西,Objects,展示
26050703-SP 迷你厕所卷筒纸,https://a1.ax1x.com/2026/05/26/6yFZ.jpg,￥168,在售,,玩具/烂东西,Objects,展示
26050705-SP 迷你人台黑色,https://a1.ax1x.com/2026/05/26/6yFZ.jpg,￥180,在售,,玩具/烂东西,Objects,展示
26050709-SP kim银盒相片盒吊坠,https://a1.ax1x.com/2026/05/26/6yFZ.jpg,￥680,在售,,其他银饰（YB/YH/XSP）,Jewellery,展示
26050710-SP 迷你酒壶,https://a1.ax1x.com/2026/05/26/6yFZ.jpg,￥380,在售,,玩具/烂东西,Objects,展示
26050711-SP 歪头勺子电木,https://a1.ax1x.com/2026/05/26/6yFZ.jpg,￥280,在售,,玩具/烂东西,Objects,展示
26050601-慈善店 3个托盘,https://a1.ax1x.com/2026/05/26/6yFZ.jpg,￥150,在售,,玩具/烂东西,Objects,展示
26050602-慈善店 彩色木头环,https://a1.ax1x.com/2026/05/27/Y46G.jpg,￥80,在售,,玩具/烂东西,Objects,展示
26050717-AF 苏格兰植物+剑胸针,https://a1.ax1x.com/2026/05/27/YNAR.jpg,￥420,在售,,胸针,Jewellery,展示
26050719-AF 镀银壶,https://a1.ax1x.com/2026/05/26/6yFZ.jpg,￥350,在售,,其他/家居摆件,Objects,展示
26050720-AF 长叉子贝母,https://a1.ax1x.com/2026/05/26/6yFZ.jpg,￥320,在售,,其他/家居摆件,Objects,展示
26050721-AF 短叉子贝母,https://a1.ax1x.com/2026/05/26/6yFZ.jpg,￥320,在售,,其他/家居摆件,Objects,展示
20260510—ty货 裂缝戒指,https://a1.ax1x.com/2026/05/27/YcLp.jpg,"￥1,080",在售,,戒指,Jewellery,
26050501-米娅 胡须勺,https://a1.ax1x.com/2026/05/26/6yFZ.jpg,"￥1,280",在售,,其他银饰（YB/YH/XSP）,Jewellery,
26050502-米娅 贝壳盘,https://a1.ax1x.com/2026/05/26/6yFZ.jpg,￥780,在售,,其他银饰（YB/YH/XSP）,Jewellery,
26050503-米娅 鸭子,https://a1.ax1x.com/2026/05/26/6yFZ.jpg,￥880,在售,,其他银饰（YB/YH/XSP）,Jewellery,
26050902-AF 点点戒指,https://a1.ax1x.com/2026/05/27/YcLp.jpg,￥480,在售,,戒指,Jewellery,
26050903-AF 三珍珠戒指,https://a1.ax1x.com/2026/05/27/YcLp.jpg,￥500,在售,,戒指,Jewellery,
26050905-AF 圆耳夹,https://a1.ax1x.com/2026/05/27/Yy6m.jpg,￥700,在售,,耳钉/耳环,Jewellery,
26050907-AF 重工戒指,https://a1.ax1x.com/2026/05/27/YcLp.jpg,"￥1,380",在售,,戒指,Jewellery,
26050909-AF art deco 托盘,https://a1.ax1x.com/2026/05/26/6yFZ.jpg,"￥1,280",在售,,其他/家居摆件,Objects,
26050910-AD 美国设计师DC.Thomas银发卡,https://a1.ax1x.com/2026/05/26/6yFZ.jpg,"￥1,680",在售,,其他银饰（YB/YH/XSP）,Jewellery,
26050501-废物古屋 克拉克结戒指,https://a1.ax1x.com/2026/05/27/YcLp.jpg,￥680,在售,,戒指,Jewellery,
小钥匙双面,https://a1.ax1x.com/2026/05/26/6yFZ.jpg,,在售,,吊坠,Jewellery,
大钥匙圆面,https://a1.ax1x.com/2026/05/26/6yFZ.jpg,,在售,,吊坠,Jewellery,
大钥匙花,https://a1.ax1x.com/2026/05/26/6yFZ.jpg,,在售,,吊坠,Jewellery,
26051201-SU 陶瓷小鸟,https://a1.ax1x.com/2026/05/26/6yFZ.jpg,,在售,,其他/家居摆件,Objects,
26051203-SU 维京戒指,https://a1.ax1x.com/2026/05/27/YcLp.jpg,￥420,在售,,戒指,Jewellery,
26051205-SU 粗gate chain手链,https://a1.ax1x.com/2026/05/27/Y7K9.jpg,￥880,在售,,手镯/手链,Jewellery,
26051206-SU 项链,https://a1.ax1x.com/2026/05/26/6yFZ.jpg,￥880,在售,,项链/项圈,Jewellery,
26051207-SU 铜胸针,https://a1.ax1x.com/2026/05/27/YNAR.jpg,￥280,在售,,胸针,Jewellery,
26051208-SU 贝母放大镜小小1,https://a1.ax1x.com/2026/05/26/6yFZ.jpg,￥480,在售,,其他银饰（YB/YH/XSP）,Jewellery,
26051209-SU 放大镜2,https://a1.ax1x.com/2026/05/26/6yFZ.jpg,￥480,在售,,其他银饰（YB/YH/XSP）,Jewellery,
26051210-SU 放大镜3,https://a1.ax1x.com/2026/05/26/6yFZ.jpg,￥480,在售,,其他银饰（YB/YH/XSP）,Jewellery,
26051212-SU 放大镜5,https://a1.ax1x.com/2026/05/26/6yFZ.jpg,￥480,在售,,其他银饰（YB/YH/XSP）,Jewellery,
26051213-SU 马蹄手链,https://a1.ax1x.com/2026/05/27/Y7K9.jpg,￥880,在售,,手镯/手链,Jewellery,
26051222-SU 双向箭头,https://a1.ax1x.com/2026/05/26/6yFZ.jpg,￥128,在售,,玩具/烂东西,Objects,
26051223-SU 垃圾金色鸟耳夹,https://a1.ax1x.com/2026/05/26/6yFZ.jpg,￥90,在售,,玩具/烂东西,Objects,
26051225-SU 木帽子墨水瓶,https://a1.ax1x.com/2026/05/26/6yFZ.jpg,￥550,在售,,玩具/烂东西,Objects,
26051226-SU 木片书签,https://a1.ax1x.com/2026/05/26/6yFZ.jpg,￥220,在售,,玩具/烂东西,Objects,
26051231-SU 苔藓玛瑙银戒指,https://a1.ax1x.com/2026/05/27/YcLp.jpg,￥320,在售,,戒指,Jewellery,
26051232-SU 银笔,https://a1.ax1x.com/2026/05/26/6yFZ.jpg,"￥1,280",在售,,其他银饰（YB/YH/XSP）,Jewellery,
26051234-SU 皮带扣戒指,https://a1.ax1x.com/2026/05/27/YcLp.jpg,￥420,在售,,戒指,Jewellery,
26051236-SU 耳圈,https://a1.ax1x.com/2026/05/27/Yy6m.jpg,￥400,在售,,耳钉/耳环,Jewellery,
26051240-SU 鸟衔信封,https://a1.ax1x.com/2026/05/26/6yFZ.jpg,,在售,,吊坠,Jewellery,
26051241-SU 怀表800银,https://a1.ax1x.com/2026/05/26/6yFZ.jpg,,在售,,其他银饰（YB/YH/XSP）,Jewellery,
26051242-SU 天使小镜子,https://a1.ax1x.com/2026/05/26/6yFZ.jpg,,在售,,其他银饰（YB/YH/XSP）,Jewellery,
26051243-SU 打结手镯,https://a1.ax1x.com/2026/05/27/Y7K9.jpg,￥800,在售,,手镯/手链,Jewellery,
26051244-SU 方手镯,https://a1.ax1x.com/2026/05/27/Y7K9.jpg,￥800,在售,,手镯/手链,Jewellery,
26051245-SU 细gate chain手链,https://a1.ax1x.com/2026/05/27/Y7K9.jpg,￥700,在售,,手镯/手链,Jewellery,
26051246-SU 鲍鱼贝母手链,https://a1.ax1x.com/2026/05/27/Y7K9.jpg,￥880,在售,,手镯/手链,Jewellery,
26051247-SU 蛋面戒指小戒围,https://a1.ax1x.com/2026/05/27/YcLp.jpg,￥400,在售,,戒指,Jewellery,
26051248-SU 超大石头戒指异形,https://a1.ax1x.com/2026/05/27/YcLp.jpg,￥880,在售,,戒指,Jewellery,
26051249-SU 大银扭扭耳圈,https://a1.ax1x.com/2026/05/27/Yy6m.jpg,,在售,,耳钉/耳环,Jewellery,
26051250-SU 老书1 威尼斯商人 莎士比亚,https://a1.ax1x.com/2026/05/26/6yFZ.jpg,,在售,,其他/家居摆件,Objects,
26051251-SU 老书2,https://a1.ax1x.com/2026/05/26/6yFZ.jpg,￥180,在售,,其他/家居摆件,Objects,
26051253-SU 老书4,https://a1.ax1x.com/2026/05/26/6yFZ.jpg,￥180,在售,,其他/家居摆件,Objects,
26051254-SU 不明材质手镯,https://a1.ax1x.com/2026/05/27/Y7K9.jpg,￥400,在售,,手镯/手链,Jewellery,
26051252-SU 老书3,https://a1.ax1x.com/2026/05/26/6yFZ.jpg,￥180,在售,,其他/家居摆件,Objects,
26051401-SP 垃圾项圈,https://a1.ax1x.com/2026/05/26/6yFZ.jpg,￥168,在售,,项链/项圈,Jewellery,
26051402-SP 垃圾手链方块石头,https://a1.ax1x.com/2026/05/27/Y7K9.jpg,￥168,在售,,手镯/手链,Jewellery,
26051403-SP 镀金喇叭架子,https://a1.ax1x.com/2026/05/26/6yFZ.jpg,￥100,在售,,玩具/烂东西,Objects,
26051404-SP 镀金乌龟架子,https://a1.ax1x.com/2026/05/26/6yFZ.jpg,￥100,在售,,玩具/烂东西,Objects,
26051405-SP tibou凯尔特手环,https://a1.ax1x.com/2026/05/27/Y7K9.jpg,￥580,在售,,手镯/手链,Jewellery,
26051701-LF Lingfield便宜卷尺,https://a1.ax1x.com/2026/05/26/6yFZ.jpg,￥420,在售,,玩具/烂东西,Objects,
26051704-LF 木头针筒黄,https://a1.ax1x.com/2026/05/26/6yFZ.jpg,￥168,在售,,玩具/烂东西,Objects,
26051707-LF 大木头哨子,https://a1.ax1x.com/2026/05/26/6yFZ.jpg,￥288,在售,,玩具/烂东西,Objects,
26051708-LF 迷你板球拍,https://a1.ax1x.com/2026/05/26/6yFZ.jpg,￥288,在售,,玩具/烂东西,Objects,
26051710-LF 木鸟/木鸭,https://a1.ax1x.com/2026/05/26/6yFZ.jpg,￥228,在售,,玩具/烂东西,Objects,
26051713-LF 手镯,https://a1.ax1x.com/2026/05/27/Y7K9.jpg,￥500,在售,,手镯/手链,Jewellery,
26051714-LF artdeco木柄玻璃托盘tray,https://a1.ax1x.com/2026/05/26/6yFZ.jpg,"￥1,688",在售,,其他/家居摆件,Objects,
26051715-LF 银戒指三波浪,https://a1.ax1x.com/2026/05/27/YcLp.jpg,￥550,在售,,戒指,Jewellery,
26051716-LF 戒指大黑玛瑙离奇,https://a1.ax1x.com/2026/05/27/YcLp.jpg,￥550,在售,,戒指,Jewellery,
26051718-LF 维多利亚阳伞提溜,https://a1.ax1x.com/2026/05/26/6yFZ.jpg,￥428,在售,,吊坠,Jewellery,
26051721-LF 电木指南针牌,https://a1.ax1x.com/2026/05/26/6yFZ.jpg,￥200,在售,,玩具/烂东西,Objects,
26051722-LF turnbridge木镶嵌裁纸刀,https://a1.ax1x.com/2026/05/26/6yFZ.jpg,￥550,在售,,玩具/烂东西,Objects,
26051723-LF 垃圾人胸针,https://a1.ax1x.com/2026/05/27/YNAR.jpg,￥100,在售,,胸针,Jewellery,
26051724-LF 骰子盒黑色,https://a1.ax1x.com/2026/05/26/6yFZ.jpg,￥188,在售,,玩具/烂东西,Objects,
26051726-LF storm火山口手表走针需要换电池（非银,https://a1.ax1x.com/2026/05/26/6yFZ.jpg,￥480,在售,,手表,Jewellery,
26051727-LF 搞笑痒痒挠,https://a1.ax1x.com/2026/05/26/6yFZ.jpg,￥188,在售,,玩具/烂东西,Objects,
26051729-LF 墨西哥大银片耳钉,https://a1.ax1x.com/2026/05/27/Yy6m.jpg,￥719,在售,,耳钉/耳环,Jewellery,
26051730-LF 琥珀戒指,https://a1.ax1x.com/2026/05/27/YcLp.jpg,￥420,在售,,戒指,Jewellery,
26051731-LF 铜+电木套装,https://a1.ax1x.com/2026/05/27/YNAR.jpg,￥400,在售,,胸针,Jewellery,
26051733-LF 编织银手链,https://a1.ax1x.com/2026/05/27/Y7K9.jpg,￥450,在售,,手镯/手链,Jewellery,
26051733-LF 德国玩具马拉车1,https://a1.ax1x.com/2026/05/26/6yFZ.jpg,,在售,,玩具/烂东西,Objects,
26051734-LF 德国玩具马拉车2,https://a1.ax1x.com/2026/05/26/6yFZ.jpg,,在售,,玩具/烂东西,Objects,
26051735-LF 德国玩具马拉车3,https://a1.ax1x.com/2026/05/26/6yFZ.jpg,,在售,,玩具/烂东西,Objects,
26051736-LF 德国玩具马拉车4,https://a1.ax1x.com/2026/05/26/6yFZ.jpg,,在售,,玩具/烂东西,Objects,
26051737-LF 德国玩具马拉车5,https://a1.ax1x.com/2026/05/26/6yFZ.jpg,,在售,,玩具/烂东西,Objects,
26051738-LF 德国玩具马拉车6,https://a1.ax1x.com/2026/05/26/6yFZ.jpg,,在售,,玩具/烂东西,Objects,
26051739-LF 一包动物玩具,https://a1.ax1x.com/2026/05/26/6yFZ.jpg,,在售,,玩具/烂东西,Objects,
26051740-LF 超好一整套动物农场彩蛋,https://a1.ax1x.com/2026/05/26/6yFZ.jpg,,在售,,玩具/烂东西,Objects,
26051741-LF 小鸟,https://a1.ax1x.com/2026/05/26/6yFZ.jpg,,在售,,玩具/烂东西,Objects,
26051742-LF 劳动刷子,https://a1.ax1x.com/2026/05/26/6yFZ.jpg,,在售,,玩具/烂东西,Objects,
26051411-AU 部落大石头吊坠,https://a1.ax1x.com/2026/05/26/6yFZ.jpg,￥899,在售,,项链/项圈,Jewellery,
26051410-AU 835银手表机械表18.5,https://a1.ax1x.com/2026/05/26/6yFZ.jpg,"￥2,199",在售,,手表,Jewellery,
260514-TB淘宝好奇心商店 大石头吊坠重工,https://a1.ax1x.com/2026/05/26/6yFZ.jpg,,在售,,吊坠,Jewellery,
26051743-LF 爱心银瓶,https://a1.ax1x.com/2026/05/26/6yFZ.jpg,"￥1,280",在售,,其他银饰（YB/YH/XSP）,Jewellery,
26051744-LF 凯尔特方条胸针,https://a1.ax1x.com/2026/05/27/YNAR.jpg,,在售,,胸针,Jewellery,
26051745-LF 鞋子（链子上拆下来的）,https://a1.ax1x.com/2026/05/26/6yFZ.jpg,,在售,,吊坠,Jewellery,
26051409-VT 玻璃小猪kosta boda,https://a1.ax1x.com/2026/05/26/6yFZ.jpg,￥480,在售,,其他/家居摆件,Objects,
26052101-SP 简洁皮带扣戒指,https://a1.ax1x.com/2026/05/27/YcLp.jpg,￥428,在售,,戒指,Jewellery,
26052102-SP alex垃圾吊坠西藏？,https://a1.ax1x.com/2026/05/26/6yFZ.jpg,￥228,在售,,玩具/烂东西,Objects,
26052105-SP 彩色木片手链粗圈,https://a1.ax1x.com/2026/05/27/Y7K9.jpg,￥68,在售,,手镯/手链,Jewellery,
26052106-SP 合金镀银眼珠项链,https://a1.ax1x.com/2026/05/26/6yFZ.jpg,￥218,在售,,项链/项圈,Jewellery,
26052107-SP 白塑料耳夹单个,https://a1.ax1x.com/2026/05/26/6yFZ.jpg,￥68,在售,,玩具/烂东西,Objects,
26052001-VT 不规则胸针,https://a1.ax1x.com/2026/05/27/YNAR.jpg,￥400,在售,,胸针,Jewellery,
26052002-VT 猫胸针,https://a1.ax1x.com/2026/05/27/YNAR.jpg,￥480,在售,,胸针,Jewellery,
26052004-VT 扭扭吊坠,https://a1.ax1x.com/2026/05/26/6yFZ.jpg,,在售,,吊坠,Jewellery,
26052005-VT 方戒指,https://a1.ax1x.com/2026/05/27/YcLp.jpg,,在售,,戒指,Jewellery,
26052006-VT 皮带扣戒指,https://a1.ax1x.com/2026/05/27/YcLp.jpg,,在售,,戒指,Jewellery,
26052012-VT 墨西哥方耳钉黑玛瑙+银,https://a1.ax1x.com/2026/05/27/Yy6m.jpg,,在售,,耳钉/耳环,Jewellery,
26052008-VT 花耳钉珍珠,https://a1.ax1x.com/2026/05/27/Yy6m.jpg,,在售,,耳钉/耳环,Jewellery,
26052009-VT 素银浮雕耳圈,https://a1.ax1x.com/2026/05/27/Yy6m.jpg,,在售,,耳钉/耳环,Jewellery,
26052010-VT 墨西哥圆耳钉黑玛瑙,https://a1.ax1x.com/2026/05/27/Yy6m.jpg,,在售,,耳钉/耳环,Jewellery,
26052011-VT 墨西哥条纹方耳钉,https://a1.ax1x.com/2026/05/27/Yy6m.jpg,,在售,,耳钉/耳环,Jewellery,
26052007-VT 椭圆戒指,https://a1.ax1x.com/2026/05/27/YcLp.jpg,,在售,,戒指,Jewellery,
26052014-VT 圆球折叠吊坠,https://a1.ax1x.com/2026/05/26/6yFZ.jpg,,在售,,其他银饰（YB/YH/XSP）,Jewellery,
26052015-VT 链子rolo/belcher chain,https://a1.ax1x.com/2026/05/26/6yFZ.jpg,,在售,,项链/项圈,Jewellery,
26052016-VT 方块耳钉,https://a1.ax1x.com/2026/05/27/Yy6m.jpg,,在售,,耳钉/耳环,Jewellery,
26052501-CG 重工银耳夹,https://a1.ax1x.com/2026/05/27/Yy6m.jpg,￥780,在售,,耳钉/耳环,Jewellery,
26052401-LK Lincoln鸭子婴儿铃镀银,https://a1.ax1x.com/2026/05/26/6yFZ.jpg,￥350,在售,,玩具/烂东西,Objects,
26052502-CG 香水瓶,https://a1.ax1x.com/2026/05/26/6yFZ.jpg,￥680,在售,,其他银饰（YB/YH/XSP）,Jewellery,
26052503-CG 长链,https://a1.ax1x.com/2026/05/26/6yFZ.jpg,￥250,在售,,项链/项圈,Jewellery,
维多利亚皮带扣手镯,,"￥1,580",已售罄,,手镯/手链,Jewellery,
26052602-SU 重工爱心手链,https://a1.ax1x.com/2026/05/27/Y7K9.jpg,￥880,在售,,手镯/手链,Jewellery,
26052603-SU 墨西哥人香水瓶,https://a1.ax1x.com/2026/05/26/6yFZ.jpg,￥800,在售,,其他银饰（YB/YH/XSP）,Jewellery,
26052606-SU 项链,https://a1.ax1x.com/2026/05/26/6yFZ.jpg,￥800,在售,,项链/项圈,Jewellery,
26052607-SU 天使镜子,https://a1.ax1x.com/2026/05/26/6yFZ.jpg,"￥1,280",在售,,其他银饰（YB/YH/XSP）,Jewellery,
26052608-SU m豆豆项链长链毛衣链,https://a1.ax1x.com/2026/05/26/6yFZ.jpg,"￥1,280",在售,,项链/项圈,Jewellery,
26052609-SU 炸花细小花项链宽,https://a1.ax1x.com/2026/05/26/6yFZ.jpg,￥920,在售,,项链/项圈,Jewellery,
26052610-SU 可爱海豹玻璃摆件瑞典Mats Jonasson底部有签名,https://a1.ax1x.com/2026/05/26/6yFZ.jpg,￥520,在售,,其他/家居摆件,Objects,
26052611-SU 陶瓷画鱼碗,https://a1.ax1x.com/2026/05/26/6yFZ.jpg,￥300,在售,,其他/家居摆件,Objects,
26052612-SU 银圆片手链,https://a1.ax1x.com/2026/05/27/Y7K9.jpg,￥350,在售,,手镯/手链,Jewellery,
26052613-SU 猫戒指,https://a1.ax1x.com/2026/05/27/YcLp.jpg,￥380,在售,,戒指,Jewellery,
26052614-SU 细项圈,https://a1.ax1x.com/2026/05/26/6yFZ.jpg,￥780,在售,,项链/项圈,Jewellery,
26052615-SU 蛋面戒指,https://a1.ax1x.com/2026/05/27/YcLp.jpg,￥480,在售,,戒指,Jewellery,
26052616-SU 黑玛瑙方戒指,https://a1.ax1x.com/2026/05/27/YcLp.jpg,￥550,在售,,戒指,Jewellery,
26052617-SU 维多利亚插花胸针,https://a1.ax1x.com/2026/05/27/YNAR.jpg,￥580,在售,,胸针,Jewellery,
26052618-SU 墨西哥银牛角三角拨片胸针,https://a1.ax1x.com/2026/05/27/YNAR.jpg,￥400,在售,,胸针,Jewellery,
26052619-SU 竖条银笔,https://a1.ax1x.com/2026/05/26/6yFZ.jpg,"￥1,280",在售,,其他银饰（YB/YH/XSP）,Jewellery,
26052620-SU 精细银笔,https://a1.ax1x.com/2026/05/26/6yFZ.jpg,"￥1,280",在售,,其他银饰（YB/YH/XSP）,Jewellery,
26052621-SU 贝母叶子胸针,https://a1.ax1x.com/2026/05/26/6yFZ.jpg,￥328,在售,,吊坠,Jewellery,
26052623-SU 矿工胸针,https://a1.ax1x.com/2026/05/26/6yFZ.jpg,￥168,在售,,吊坠,Jewellery,
26052624-SU 可爱画架,https://a1.ax1x.com/2026/05/26/6yFZ.jpg,￥268,在售,,吊坠,Jewellery,
26052625-SU 贝母吊坠,https://a1.ax1x.com/2026/05/26/6yFZ.jpg,￥400,在售,,吊坠,Jewellery,
26052626-SU 化石吊坠,https://a1.ax1x.com/2026/05/26/6yFZ.jpg,￥400,在售,,吊坠,Jewellery,
26052627-SU 双层化石吊坠,https://a1.ax1x.com/2026/05/26/6yFZ.jpg,￥400,在售,,吊坠,Jewellery,
26052628-SU 大螺贝壳吊坠,https://a1.ax1x.com/2026/05/26/6yFZ.jpg,￥350,在售,,吊坠,Jewellery,
26052632-SU 一只手戒指,https://a1.ax1x.com/2026/05/27/YcLp.jpg,￥350,在售,,戒指,Jewellery,
26052630-SU 珍珠戒指,https://a1.ax1x.com/2026/05/27/YcLp.jpg,￥350,在售,,戒指,Jewellery,
26052631-SU 类似蝴蝶结戒指,https://a1.ax1x.com/2026/05/27/YcLp.jpg,￥350,在售,,戒指,Jewellery,
26052629-SU 黑版吊坠,https://a1.ax1x.com/2026/05/26/6yFZ.jpg,￥300,在售,,吊坠,Jewellery,
26052633-SU 银表,https://a1.ax1x.com/2026/05/26/6yFZ.jpg,"￥1,680",在售,,手表,Jewellery,
,,,,,,其他,
,,,,,,其他,
,,,,,,其他,